{
  "id": "1.2.4",
  "type": "release",
  "time": "2012-03-21T22:00:00+00:00",
  "releaseTime": "2012-03-21T22:00:00+00:00",
  "url": "https://piston-meta.mojang.com/v1/packages/3cc81a28957e8c7d94bdd4f6b2c51ef8cae54f9b/1.2.4.json",
  "assets": "pre-1.6",
  "asset_index": "https://launchermeta.mojang.com/v1/packages/4759bad2824e419da9db32861fcdc3a274336532/pre-1.6.json",
  "client": "https://launcher.mojang.com/v1/objects/ad6d1fe7455857269d4185cb8f24e62cc0241aaf/client.jar",
  "client_mappings": null,
  "server": null,
  "server_mappings": null
}