{
  "id": "14w11a",
  "type": "snapshot",
  "time": "2014-03-13T14:02:50+00:00",
  "releaseTime": "2014-03-13T14:02:50+00:00",
  "url": "https://piston-meta.mojang.com/v1/packages/ed3b597f26c1140b31d4c7421054e83398270e19/14w11a.json",
  "assets": "1.7.4",
  "asset_index": "https://launchermeta.mojang.com/v1/packages/545510a60f526b9aa8a38f9c0bc7a74235d21675/1.7.4.json",
  "client": "https://launcher.mojang.com/v1/objects/34ce7e9e1529560f8647599840cd33d6f107d6ef/client.jar",
  "client_mappings": null,
  "server": "https://launcher.mojang.com/v1/objects/286924e7082ff1f6baed77a100f73abae81f25e3/server.jar",
  "server_mappings": null
}