{
    "__comment": "Fair warning, this format is highly likely to change even more in the future!",
    "elements": [
        {   "type": "cube",
            "from": [ 6, 0, 0 ],
            "to": [ 10, 16, 16 ],
            "faceData": {
                "west": {
                    "uv": [ 0, 0, 16, 16 ],
                    "textureFacing": "west"
                },
                "east": {
                    "uv": [ 0, 0, 16, 16 ],
                    "textureFacing": "east"
                }
            }
        }
    ]
}
