{
  "id": "1.2.5",
  "type": "release",
  "time": "2012-03-29T22:00:00+00:00",
  "releaseTime": "2012-03-29T22:00:00+00:00",
  "url": "https://piston-meta.mojang.com/v1/packages/886723c6385e62bb8dbe8026abf685140602404b/1.2.5.json",
  "assets": "pre-1.6",
  "asset_index": "https://launchermeta.mojang.com/v1/packages/4759bad2824e419da9db32861fcdc3a274336532/pre-1.6.json",
  "client": "https://launcher.mojang.com/v1/objects/4a2fac7504182a97dcbcd7560c6392d7c8139928/client.jar",
  "client_mappings": null,
  "server": "https://launcher.mojang.com/v1/objects/d8321edc9470e56b8ad5c67bbd16beba25843336/server.jar",
  "server_mappings": null
}