{
    "__comment": "Fair warning, this format is highly likely to change even more in the future!",
    "useAmbientOcclusion": false,
    "elements": [
        {   "type": "cube",
            "from": [ 5, 0, 0 ],
            "to": [ 11, 13, 16 ],
            "faceData": {
                "down": {
                    "uv": [ 5, 0, 11, 16 ],
                    "textureFacing": "down"
                },
                "up": {
                    "uv": [ 5, 0, 11, 16 ],
                    "textureFacing": "up",
                    "cull": false
                },
                "north": {
                    "uv": [ 5, 3, 11, 16 ],
                    "textureFacing": "north"
                },
                "south": {
                    "uv": [ 5, 3, 11, 16 ],
                    "textureFacing": "south"
                },
                "west": {
                    "uv": [ 0, 3, 16, 16 ],
                    "textureFacing": "west",
                    "cull": false
                },
                "east": {
                    "uv": [ 0, 3, 16, 16 ],
                    "textureFacing": "east",
                    "cull": false
                }
            }
        }
    ]
}
