{
    "__comment": "Fair warning, this format is highly likely to change even more in the future!",
    "elements": [
        {   "__comment": "Anvil base",
            "type": "cube",
            "from": [ 2, 0, 2 ],
            "to": [ 14, 4, 14 ],
            "faceData": {
                "down":  { "uv": [ 2,  2, 14, 14 ], "textureFacing": "down", "rotation": 180, "cull": false },
                "up":    { "uv": [ 2,  2, 14, 14 ], "textureFacing": "down", "rotation": 180, "cull": false },
                "north": { "uv": [ 2, 12, 14, 16 ], "textureFacing": "down", "cull": false },
                "south": { "uv": [ 2, 12, 14, 16 ], "textureFacing": "down", "cull": false },
                "west":  { "uv": [ 0,  2,  4, 14 ], "textureFacing": "down", "rotation":  90, "cull": false },
                "east":  { "uv": [ 4,  2,  0, 14 ], "textureFacing": "down", "rotation": 270, "cull": false }
            }
        },
        {   "__comment": "Lower narrow portion",
            "type": "cube",
            "from": [ 4, 4, 3 ],
            "to": [ 12, 5, 13 ],
            "faceData": {
                "down":  { "uv": [ 4,  3, 12, 13 ], "textureFacing": "down", "rotation": 180, "cull": false },
                "up":    { "uv": [ 4,  3, 12, 13 ], "textureFacing": "down", "rotation": 180, "cull": false },
                "north": { "uv": [ 4, 11, 12, 12 ], "textureFacing": "down", "cull": false },
                "south": { "uv": [ 4, 11, 12, 12 ], "textureFacing": "down", "cull": false },
                "west":  { "uv": [ 4,  3,  5, 13 ], "textureFacing": "down", "rotation":  90, "cull": false },
                "east":  { "uv": [ 5,  3,  4, 13 ], "textureFacing": "down", "rotation": 270, "cull": false }
            }
        },
        {   "__comment": "Wider section beneath top portion",
            "type": "cube",
            "from": [ 6, 5, 4 ],
            "to": [ 10, 10, 12 ],
            "faceData": {
                "down":  { "uv": [ 10, 12,  6,  4 ], "textureFacing": "down", "rotation": 180, "cull": false },
                "up":    { "uv": [ 10, 12,  6,  4 ], "textureFacing": "up",   "rotation": 180, "cull": false },
                "north": { "uv": [  6,  6, 10, 11 ], "textureFacing": "down", "cull": false },
                "south": { "uv": [  6,  6, 10, 11 ], "textureFacing": "down", "cull": false },
                "west":  { "uv": [  5,  4, 10, 12 ], "textureFacing": "down", "rotation":  90, "cull": false },
                "east":  { "uv": [ 10,  4,  5, 12 ], "textureFacing": "down", "rotation": 270, "cull": false }
            }
        },
        {   "__comment": "Anvil top",
            "type": "cube",
            "from": [ 3, 10, 0 ],
            "to": [ 13, 16, 16 ],
            "faceData": {
                "down":  { "uv": [  3, 0, 13, 16 ], "textureFacing": "down", "rotation": 180, "cull": false },
                "up":    { "uv": [  3, 0, 13, 16 ], "textureFacing": "up",   "rotation": 180, "cull": false },
                "north": { "uv": [  3, 0, 13,  6 ], "textureFacing": "down", "cull": false },
                "south": { "uv": [  3, 0, 13,  6 ], "textureFacing": "down", "cull": false },
                "west":  { "uv": [ 10, 0, 16, 16 ], "textureFacing": "down", "rotation":  90, "cull": false },
                "east":  { "uv": [ 16, 0, 10, 16 ], "textureFacing": "down", "rotation": 270, "cull": false }
            }
        }
    ]
}
