{
  "en_us": {
    "region": "US",
    "name": "English"
  },
  "af_za": {
    "region": "ZA",
    "name": "Afrikaans"
  },
  "ar_sa": {
    "region": "العالم العربي",
    "name": "العربية"
  },
  "bg_bg": {
    "region": "BG",
    "name": "Български"
  },
  "ca_es": {
    "region": "CAT",
    "name": "Català"
  },
  "cs_cz": {
    "region": "CZ",
    "name": "Čeština"
  },
  "cy_gb": {
    "region": "Cymru",
    "name": "Cymraeg"
  },
  "da_dk": {
    "region": "DK",
    "name": "Dansk"
  },
  "de_de": {
    "region": "Deutschland",
    "name": "Deutsch"
  },
  "el_gr": {
    "region": "El",
    "name": "Ελληνικά"
  },
  "en_au": {
    "region": "Australia",
    "name": "Australian English"
  },
  "en_ca": {
    "region": "CA",
    "name": "Canadian English"
  },
  "en_gb": {
    "region": "UK",
    "name": "English"
  },
  "en_pt": {
    "region": "PIRATE",
    "name": "Pirate Speak"
  },
  "eo_uy": {
    "region": "Mondo",
    "name": "Esperanto"
  },
  "es_ar": {
    "region": "Argentina",
    "name": "Español"
  },
  "es_es": {
    "region": "España",
    "name": "Español"
  },
  "es_mx": {
    "region": "México",
    "name": "Español"
  },
  "es_uy": {
    "region": "Uruguay",
    "name": "Español"
  },
  "es_ve": {
    "region": "Venezuela",
    "name": "Español"
  },
  "et_ee": {
    "region": "ET",
    "name": "Eesti"
  },
  "eu_es": {
    "region": "EH",
    "name": "Euskara"
  },
  "fi_fi": {
    "region": "FI",
    "name": "suomi"
  },
  "fr_ca": {
    "region": "CA",
    "name": "Français"
  },
  "fr_fr": {
    "region": "France",
    "name": "Français"
  },
  "ga_ie": {
    "region": "Éire",
    "name": "Gaeilge"
  },
  "gl_es": {
    "region": "Galicia",
    "name": "Galego"
  },
  "he_il": {
    "region": "IL",
    "name": "אנגלית"
  },
  "hi_in": {
    "region": "भारत",
    "name": "अंग्रेज़ी"
  },
  "hr_hr": {
    "region": "HR",
    "name": "Hrvatski"
  },
  "hu_hu": {
    "region": "HU",
    "name": "Magyar"
  },
  "id_id": {
    "region": "ID",
    "name": "Bahasa Indonesia"
  },
  "is_is": {
    "region": "IS",
    "name": "Íslenska"
  },
  "it_it": {
    "region": "Italia",
    "name": "Italiano"
  },
  "ja_jp": {
    "region": "日本",
    "name": "日本語"
  },
  "ka_ge": {
    "region": "საქართველო",
    "name": "ქართული"
  },
  "ko_kr": {
    "region": "KR",
    "name": "한국어"
  },
  "ky_kg": {
    "region": "भारत",
    "name": "अंग्रेज़ी"
  },
  "lt_lt": {
    "region": "Lietuva",
    "name": "Lietuvių"
  },
  "lv_lv": {
    "region": "Latvija",
    "name": "Latviešu"
  },
  "mi_nz": {
    "region": "MS",
    "name": "Bahasa Melayu"
  },
  "ms_my": {
    "region": "MS",
    "name": "Bahasa Melayu"
  },
  "mt_mt": {
    "region": "MT",
    "name": "Malti"
  },
  "nb_no": {
    "region": "NO",
    "name": "Norsk"
  },
  "nl_nl": {
    "region": "Nederland",
    "name": "Nederlands"
  },
  "nn_no": {
    "region": "Noreg",
    "name": "Norsk nynorsk"
  },
  "pl_pl": {
    "region": "Polska",
    "name": "Polski"
  },
  "pt_br": {
    "region": "BR",
    "name": "Português"
  },
  "pt_pt": {
    "region": "Portugal",
    "name": "Português"
  },
  "qya_aa": {
    "region": "Arda",
    "name": "Quenya"
  },
  "ro_ro": {
    "region": "RO",
    "name": "Română"
  },
  "ru_ru": {
    "region": "Россия",
    "name": "Русский"
  },
  "sk_sk": {
    "region": "SK",
    "name": "Slovenčina"
  },
  "sl_si": {
    "region": "SLO",
    "name": "Slovenščina"
  },
  "sr_sp": {
    "region": "Србија",
    "name": "Српски"
  },
  "sv_se": {
    "region": "Sverige",
    "name": "Svenska"
  },
  "th_th": {
    "region": "TH",
    "name": "ภาษาไทย"
  },
  "tlh_aa": {
    "region": "US",
    "name": "tlhIngan Hol"
  },
  "tr_tr": {
    "region": "TR",
    "name": "Türkçe"
  },
  "uk_ua": {
    "region": "Україна",
    "name": "Українська"
  },
  "vi_vn": {
    "region": "VN",
    "name": "Tiếng Việt"
  },
  "zh_cn": {
    "region": "中国",
    "name": "简体中文"
  },
  "zh_tw": {
    "region": "台灣",
    "name": "繁體中文"
  }
}