{
  "id": "1.7.6",
  "type": "release",
  "time": "2014-04-09T07:52:06+00:00",
  "releaseTime": "2014-04-09T07:52:06+00:00",
  "url": "https://piston-meta.mojang.com/v1/packages/b6dd3e6496ad415f0c57867dea1f97710d5f184c/1.7.6.json",
  "assets": "1.7.4",
  "asset_index": "https://launchermeta.mojang.com/v1/packages/545510a60f526b9aa8a38f9c0bc7a74235d21675/1.7.4.json",
  "client": "https://launcher.mojang.com/v1/objects/6b2c5827994e17f904f0852f962dd6fccfbb8bdc/client.jar",
  "client_mappings": null,
  "server": "https://launcher.mojang.com/v1/objects/41ea7757d4d7f74b95fc1ac20f919a8e521e910c/server.jar",
  "server_mappings": null
}