{
  "id": "1.9.1-pre2",
  "type": "snapshot",
  "time": "2016-03-10T15:06:03+00:00",
  "releaseTime": "2016-03-10T15:06:03+00:00",
  "url": "https://piston-meta.mojang.com/v1/packages/c9e2a5309789b76381a5de3fe0c73bec4c58ea6f/1.9.1-pre2.json",
  "assets": "1.9",
  "asset_index": "https://launchermeta.mojang.com/v1/packages/06cc9a2c5ce504dc712ea2f699e4d645c48416dd/1.9.json",
  "client": "https://launcher.mojang.com/v1/objects/3b1cd2f3720a2b4c48eb8b1d2505c875fb6c78d5/client.jar",
  "client_mappings": null,
  "server": "https://launcher.mojang.com/v1/objects/bc7000381cec5819aefeea8b68ecc232208ab3ad/server.jar",
  "server_mappings": null
}