{
    "__comment": "Fair warning, this format is highly likely to change even more in the future!",
    "elements": [
        {   "type": "cube",
            "from": [ 0, 0, 0 ],
            "to": [ 16, 13, 16 ],
            "faceData": [
                {
                    "uv": [ 0, 0, 16, 16 ],
                    "textureFacing": "down",
                    "cull": false
                },
                {
                    "uv": [ 0, 0, 16, 16 ],
                    "textureFacing": "up",
                    "cull": false
                },
                {
                    "uv": [ 0, 3, 16, 16 ],
                    "textureFacing": "north",
                    "cull": false
                },
                {
                    "uv": [ 0, 3, 16, 16 ],
                    "textureFacing": "south",
                    "cull": false
                },
                {
                    "uv": [ 0, 3, 16, 16 ],
                    "textureFacing": "west",
                    "cull": false
                },
                {
                    "uv": [ 0, 3, 16, 16 ],
                    "textureFacing": "east",
                    "cull": false
                }
            ]
        }
    ]
}
