{
    "__comment": "Fair warning, this format is highly likely to change even more in the future!",
    "elements": [
        {   "type": "cube",
            "from": [ 0, 0, 13 ],
            "to": [ 16, 16, 16 ],
            "faceData": [
                {
                    "uv": [ 0, 13, 16, 16 ],
                    "textureFacing": "down"
                },
                {
                    "uv": [ 0, 16, 16, 13 ],
                    "textureFacing": "up"
                },
                {
                    "uv": [ 0, 0, 16, 16 ],
                    "textureFacing": "north"
                },
                {
                    "uv": [ 0, 0, 16, 16 ],
                    "textureFacing": "south"
                },
                {
                    "uv": [ 16, 0, 13, 16 ],
                    "textureFacing": "west"
                },
                {
                    "uv": [ 13, 0, 16, 16 ],
                    "textureFacing": "east"
                }
            ]
        }
    ]
}
