{
  "id": "15w49a",
  "type": "snapshot",
  "time": "2015-12-02T15:09:37+00:00",
  "releaseTime": "2015-12-02T15:09:37+00:00",
  "url": "https://piston-meta.mojang.com/v1/packages/5bd5085de9b7920da92423049be9c50e29ee492b/15w49a.json",
  "assets": "1.9",
  "asset_index": "https://launchermeta.mojang.com/v1/packages/06cc9a2c5ce504dc712ea2f699e4d645c48416dd/1.9.json",
  "client": "https://launcher.mojang.com/v1/objects/16e868a098239c16ecde3f06865eaf1995c11445/client.jar",
  "client_mappings": null,
  "server": "https://launcher.mojang.com/v1/objects/63e4904766e1af15c1a4a412ec3aeb9c5972176d/server.jar",
  "server_mappings": null
}