{
  "id": "1.4.2",
  "type": "release",
  "time": "2012-11-24T22:00:00+00:00",
  "releaseTime": "2012-11-24T22:00:00+00:00",
  "url": "https://piston-meta.mojang.com/v1/packages/aec7405cf74ae5f79b13f6e8c88f66920eac0e1b/1.4.2.json",
  "assets": "pre-1.6",
  "asset_index": "https://launchermeta.mojang.com/v1/packages/4759bad2824e419da9db32861fcdc3a274336532/pre-1.6.json",
  "client": "https://launcher.mojang.com/v1/objects/42d6744cfbbd2958f9e6688dd6e78d86d658d0d4/client.jar",
  "client_mappings": null,
  "server": "https://launcher.mojang.com/v1/objects/5be700523a729bb78ef99206fb480a63dcd09825/server.jar",
  "server_mappings": null
}