{
  "id": "1.5.2",
  "type": "release",
  "time": "2013-04-25T15:45:00+00:00",
  "releaseTime": "2013-04-25T15:45:00+00:00",
  "url": "https://piston-meta.mojang.com/v1/packages/a611948faa091ef3a0af43d39f77589c5e402170/1.5.2.json",
  "assets": "pre-1.6",
  "asset_index": "https://launchermeta.mojang.com/v1/packages/4759bad2824e419da9db32861fcdc3a274336532/pre-1.6.json",
  "client": "https://launcher.mojang.com/v1/objects/465378c9dc2f779ae1d6e8046ebc46fb53a57968/client.jar",
  "client_mappings": null,
  "server": "https://launcher.mojang.com/v1/objects/f9ae3f651319151ce99a0bfad6b34fa16eb6775f/server.jar",
  "server_mappings": null
}