{
  "id": "1.2.1",
  "type": "release",
  "time": "2012-02-29T22:00:00+00:00",
  "releaseTime": "2012-02-29T22:00:00+00:00",
  "url": "https://piston-meta.mojang.com/v1/packages/dc5f9e134da9e18a2db42ddc246aba5cdfe28d3c/1.2.1.json",
  "assets": "pre-1.6",
  "asset_index": "https://launchermeta.mojang.com/v1/packages/4759bad2824e419da9db32861fcdc3a274336532/pre-1.6.json",
  "client": "https://launcher.mojang.com/v1/objects/c7662ac43dd04bfd677694a06972a2aaaf426505/client.jar",
  "client_mappings": null,
  "server": null,
  "server_mappings": null
}