{
  "id": "1.9",
  "type": "release",
  "time": "2016-02-29T13:49:54+00:00",
  "releaseTime": "2016-02-29T13:49:54+00:00",
  "url": "https://piston-meta.mojang.com/v1/packages/7bb4eab858d50c58d2855228110dfe1a4c2fa293/1.9.json",
  "assets": "1.9",
  "asset_index": "https://launchermeta.mojang.com/v1/packages/06cc9a2c5ce504dc712ea2f699e4d645c48416dd/1.9.json",
  "client": "https://launcher.mojang.com/v1/objects/2f67dfe8953299440d1902f9124f0f2c3a2c940f/client.jar",
  "client_mappings": null,
  "server": "https://launcher.mojang.com/v1/objects/b4d449cf2918e0f3bd8aa18954b916a4d1880f0d/server.jar",
  "server_mappings": null
}