{
  "id": "13w19a",
  "type": "snapshot",
  "time": "2013-05-10T14:48:02+00:00",
  "releaseTime": "2013-05-10T14:48:02+00:00",
  "url": "https://piston-meta.mojang.com/v1/packages/9360f33fa1391cbbfead0e0033c5a1e763f28d19/13w19a.json",
  "assets": "pre-1.6",
  "asset_index": "https://launchermeta.mojang.com/v1/packages/4759bad2824e419da9db32861fcdc3a274336532/pre-1.6.json",
  "client": "https://launcher.mojang.com/v1/objects/39ef2f27bada1fb1a6addd972a25427ec33bd39d/client.jar",
  "client_mappings": null,
  "server": "https://launcher.mojang.com/v1/objects/17997ee2d9a3ad1070a74707f58ebb3e3a46ae10/server.jar",
  "server_mappings": null
}