{
    "__comment": "Fair warning, this format is highly likely to change even more in the future!",
    "useAmbientOcclusion": false,
    "elements": [
        {   "type": "plane",
            "from": [ 8, 0.005, 0 ],
            "to": [ 8, 15.995, 9 ],
            "facing": "east",
            "twoSided": true,
            "faceData": {
                "uv": [ 7, 0, 16, 16 ],
                "textureFacing": "north",
                "cull": false
            },
            "__comment": "Belongs to north segment"
        },
        {   "type": "plane",
            "from": [ 7, 0, 0 ],
            "to": [ 9, 16, 0 ],
            "facing": "north",
            "twoSided": true,
            "faceData": {
                "uv": [ 7, 0, 9, 16 ],
                "textureFacing": "down"
            },
            "__comment": "Belongs to north segment"
        },
        {   "type": "plane",
            "from": [ 7, 0, 9 ],
            "to": [ 9, 16, 9 ],
            "facing": "south",
            "twoSided": true,
            "faceData": {
                "uv": [ 7, 0, 9, 16 ],
                "textureFacing": "down"
            },
            "__comment": "Belongs to north segment"
        },
        {   "type": "plane",
            "from": [ 7, 15.995, 0 ],
            "to": [ 9, 15.995, 9 ],
            "facing": "up",
            "twoSided": true,
            "faceData": {
                "uv": [ 7, 0, 9, 9 ],
                "textureFacing": "down",
                "cull": false
            },
            "__comment": "Belongs to north segment"
        },
        {   "type": "plane",
            "from": [ 7, 0.005, 0 ],
            "to": [ 9, 0.005, 9 ],
            "facing": "down",
            "twoSided": true,
            "faceData": {
                "uv": [ 9, 0, 7, 9 ],
                "textureFacing": "down",
                "cull": false
            },
            "__comment": "Belongs to north segment"
        }
    ]
}
