{
    "__comment": "Fair warning, this format is highly likely to change even more in the future!",
    "useAmbientOcclusion": false,
    "elements": [
        {   "type": "cube",
            "from": [ 6, 15, 6 ],
            "to": [ 10, 16, 10 ],
            "faceData": [
                {
                    "uv": [ 6, 6, 10, 10 ],
                    "textureFacing": "down",
                    "cull": false
                },
                {
                    "uv": [ 6, 6, 10, 10 ],
                    "textureFacing": "up",
                    "cull": false
                },
                {
                    "uv": [ 6, 15, 10, 16 ],
                    "textureFacing": "north",
                    "cull": false
                },
                {
                    "uv": [ 6, 15, 10, 16 ],
                    "textureFacing": "south",
                    "cull": false
                },
                {
                    "uv": [ 6, 15, 10, 16 ],
                    "textureFacing": "west",
                    "cull": false
                },
                {
                    "uv": [ 6, 15, 10, 16 ],
                    "textureFacing": "east",
                    "cull": false
                }
            ]
        },
        {   "type": "cube",
            "from": [ 5, 14, 5 ],
            "to": [ 11, 15, 11 ],
            "faceData": [
                {
                    "uv": [ 5, 5, 11, 11 ],
                    "textureFacing": "down",
                    "cull": false
                },
                {
                    "uv": [ 5, 5, 11, 11 ],
                    "textureFacing": "up",
                    "cull": false
                },
                {
                    "uv": [ 5, 14, 11, 15 ],
                    "textureFacing": "north",
                    "cull": false
                },
                {
                    "uv": [ 5, 14, 11, 15 ],
                    "textureFacing": "south",
                    "cull": false
                },
                {
                    "uv": [ 5, 14, 11, 15 ],
                    "textureFacing": "west",
                    "cull": false
                },
                {
                    "uv": [ 5, 14, 11, 15 ],
                    "textureFacing": "east",
                    "cull": false
                }
            ]
        },
        {   "type": "cube",
            "from": [ 5, 13, 5 ],
            "to": [ 11, 14, 11 ],
            "faceData": [
                {
                    "uv": [ 4, 4, 12, 12 ],
                    "textureFacing": "down",
                    "cull": false
                },
                {
                    "uv": [ 4, 4, 12, 12 ],
                    "textureFacing": "up",
                    "cull": false
                },
                {
                    "uv": [ 4, 13, 12, 14 ],
                    "textureFacing": "north",
                    "cull": false
                },
                {
                    "uv": [ 4, 13, 12, 14 ],
                    "textureFacing": "south",
                    "cull": false
                },
                {
                    "uv": [ 4, 13, 12, 14 ],
                    "textureFacing": "west",
                    "cull": false
                },
                {
                    "uv": [ 4, 13, 12, 14 ],
                    "textureFacing": "east",
                    "cull": false
                }
            ]
        },
        {   "type": "cube",
            "from": [ 3, 11, 3 ],
            "to": [ 13, 13, 13 ],
            "faceData": [
                {
                    "uv": [ 3, 3, 13, 13 ],
                    "textureFacing": "down",
                    "cull": false
                },
                {
                    "uv": [ 3, 3, 13, 13 ],
                    "textureFacing": "up",
                    "cull": false
                },
                {
                    "uv": [ 3, 11, 13, 13 ],
                    "textureFacing": "north",
                    "cull": false
                },
                {
                    "uv": [ 3, 11, 13, 13 ],
                    "textureFacing": "south",
                    "cull": false
                },
                {
                    "uv": [ 3, 11, 13, 13 ],
                    "textureFacing": "west",
                    "cull": false
                },
                {
                    "uv": [ 3, 11, 13, 13 ],
                    "textureFacing": "east",
                    "cull": false
                }
            ]
        },
        {   "type": "cube",
            "from": [ 2, 8, 2 ],
            "to": [ 14, 11, 14 ],
            "faceData": [
                {
                    "uv": [ 2, 2, 14, 14 ],
                    "textureFacing": "down",
                    "cull": false
                },
                {
                    "uv": [ 2, 2, 14, 14 ],
                    "textureFacing": "up",
                    "cull": false
                },
                {
                    "uv": [ 2, 8, 14, 11 ],
                    "textureFacing": "north",
                    "cull": false
                },
                {
                    "uv": [ 2, 8, 14, 11 ],
                    "textureFacing": "south",
                    "cull": false
                },
                {
                    "uv": [ 2, 8, 14, 11 ],
                    "textureFacing": "west",
                    "cull": false
                },
                {
                    "uv": [ 2, 8, 14, 11 ],
                    "textureFacing": "east",
                    "cull": false
                }
            ]
        },
        {   "type": "cube",
            "from": [ 1, 3, 1 ],
            "to": [ 15, 8, 15 ],
            "faceData": [
                {
                    "uv": [ 1, 1, 15, 15 ],
                    "textureFacing": "down",
                    "cull": false
                },
                {
                    "uv": [ 1, 1, 15, 15 ],
                    "textureFacing": "up",
                    "cull": false
                },
                {
                    "uv": [ 1, 3, 15, 8 ],
                    "textureFacing": "north",
                    "cull": false
                },
                {
                    "uv": [ 1, 3, 15, 8 ],
                    "textureFacing": "south",
                    "cull": false
                },
                {
                    "uv": [ 1, 3, 15, 8 ],
                    "textureFacing": "west",
                    "cull": false
                },
                {
                    "uv": [ 1, 3, 15, 8 ],
                    "textureFacing": "east",
                    "cull": false
                }
            ]
        },
        {   "type": "cube",
            "from": [ 2, 1, 2 ],
            "to": [ 14, 3, 14 ],
            "faceData": [
                {
                    "uv": [ 2, 2, 14, 14 ],
                    "textureFacing": "down",
                    "cull": false
                },
                {
                    "uv": [ 2, 2, 14, 14 ],
                    "textureFacing": "up",
                    "cull": false
                },
                {
                    "uv": [ 2, 1, 14, 3 ],
                    "textureFacing": "north",
                    "cull": false
                },
                {
                    "uv": [ 2, 1, 14, 3 ],
                    "textureFacing": "south",
                    "cull": false
                },
                {
                    "uv": [ 2, 1, 14, 3 ],
                    "textureFacing": "west",
                    "cull": false
                },
                {
                    "uv": [ 2, 1, 14, 3 ],
                    "textureFacing": "east",
                    "cull": false
                }
            ]
        },
        {   "type": "cube",
            "from": [ 3, 0, 3 ],
            "to": [ 13, 1, 13 ],
            "faceData": [
                {
                    "uv": [ 3, 3, 13, 13 ],
                    "textureFacing": "down",
                    "cull": false
                },
                {
                    "uv": [ 3, 3, 13, 13 ],
                    "textureFacing": "up",
                    "cull": false
                },
                {
                    "uv": [ 3, 0, 13, 1 ],
                    "textureFacing": "north",
                    "cull": false
                },
                {
                    "uv": [ 3, 0, 13, 1 ],
                    "textureFacing": "south",
                    "cull": false
                },
                {
                    "uv": [ 3, 0, 13, 1 ],
                    "textureFacing": "west",
                    "cull": false
                },
                {
                    "uv": [ 3, 0, 13, 1 ],
                    "textureFacing": "east",
                    "cull": false
                }
            ]
        }
    ]
}
