{
  "id": "13w48b",
  "type": "snapshot",
  "time": "2013-11-26T18:36:08+00:00",
  "releaseTime": "2013-11-26T18:36:08+00:00",
  "url": "https://piston-meta.mojang.com/v1/packages/55543db98b2df3a986c99d8cdc8278a70493eb4a/13w48b.json",
  "assets": "legacy",
  "asset_index": "https://launchermeta.mojang.com/v1/packages/770572e819335b6c0a053f8378ad88eda189fc14/legacy.json",
  "client": "https://launcher.mojang.com/v1/objects/064dae8977232b5470127c689e0c9d19c1c16dcd/client.jar",
  "client_mappings": null,
  "server": "https://launcher.mojang.com/v1/objects/9ab8a06fe77ed7f553ae3427d304e9f55de339d9/server.jar",
  "server_mappings": null
}