{
  "id": "1.5",
  "type": "snapshot",
  "time": "2013-03-06T22:00:00+00:00",
  "releaseTime": "2013-03-06T22:00:00+00:00",
  "url": "https://piston-meta.mojang.com/v1/packages/00fa1c125d5ad5ccdbc55f1d1b53b6f52c85bd22/1.5.json",
  "assets": "pre-1.6",
  "asset_index": "https://launchermeta.mojang.com/v1/packages/4759bad2824e419da9db32861fcdc3a274336532/pre-1.6.json",
  "client": "https://launcher.mojang.com/v1/objects/a3da981fc9b875a51975d8f8100cc0c201c2ce54/client.jar",
  "client_mappings": null,
  "server": "https://launcher.mojang.com/v1/objects/aedad5159ef56d69c5bcf77ed141f53430af43c3/server.jar",
  "server_mappings": null
}