{
  "id": "1.9.2",
  "type": "release",
  "time": "2016-03-30T15:23:55+00:00",
  "releaseTime": "2016-03-30T15:23:55+00:00",
  "url": "https://piston-meta.mojang.com/v1/packages/b0be54cf45695e324b9926f990434f9a0235bd9b/1.9.2.json",
  "assets": "1.9",
  "asset_index": "https://launchermeta.mojang.com/v1/packages/06cc9a2c5ce504dc712ea2f699e4d645c48416dd/1.9.json",
  "client": "https://launcher.mojang.com/v1/objects/19106fd5e222dca0f2dde9f66db8384c9a7db957/client.jar",
  "client_mappings": null,
  "server": "https://launcher.mojang.com/v1/objects/2b95cc7b136017e064c46d04a5825fe4cfa1be30/server.jar",
  "server_mappings": null
}