{
  "id": "1.6.3",
  "type": "snapshot",
  "time": "2013-09-13T10:54:41+00:00",
  "releaseTime": "2013-09-13T10:54:41+00:00",
  "url": "https://piston-meta.mojang.com/v1/packages/903d6ba1bc87c301d88fa418f8b33446201c7d4e/1.6.3.json",
  "assets": "legacy",
  "asset_index": "https://launchermeta.mojang.com/v1/packages/770572e819335b6c0a053f8378ad88eda189fc14/legacy.json",
  "client": "https://launcher.mojang.com/v1/objects/f9af8a0a0fe24c891c4175a07e9473a92dc71c1a/client.jar",
  "client_mappings": null,
  "server": "https://launcher.mojang.com/v1/objects/5a4c69bdf7c4a9aa9580096805d8497ba7721e05/server.jar",
  "server_mappings": null
}