{
    "__comment": "Fair warning, this format is highly likely to change even more in the future!",
    "name": "beacon",
    "useAmbientOcclusion": false,
    "elements": [
        {   "type": "cube",
            "from": [ 0, 0, 0 ],
            "to": [ 16, 16, 16 ],
            "shade": [ 0.5, 1.0, 0.8, 0.8, 0.6, 0.6 ],
            "uv": [
                [ 0, 0, 16, 16, "up" ],
                [ 0, 0, 16, 16, "up" ],
                [ 0, 0, 16, 16, "up" ],
                [ 0, 0, 16, 16, "up" ],
                [ 0, 0, 16, 16, "up" ],
                [ 0, 0, 16, 16, "up" ]
            ],
            "cull": [ false, false, false, false, false, false ]
        },
        {   "type": "cube",
            "from": [ 2, 0.1, 2 ],
            "to": [ 14, 3, 14 ],
            "shade": [ 0.5, 1.0, 0.8, 0.8, 0.6, 0.6 ],
            "uv": [
                [ 2, 2, 14, 14, "down" ],
                [ 2, 2, 14, 14, "down" ],
                [ 2, 13, 14, 16, "down" ],
                [ 2, 13, 14, 16, "down" ],
                [ 2, 13, 14, 16, "down" ],
                [ 2, 13, 14, 16, "down" ]
            ],
            "cull": [ false, false, false, false, false, false ]
        },
        {   "type": "cube",
            "from": [ 3, 3, 3 ],
            "to": [ 13, 14, 13 ],
            "shade": [ 0.5, 1.0, 0.8, 0.8, 0.6, 0.6 ],
            "uv": [
                [ 3, 3, 13, 13, "north" ],
                [ 3, 3, 13, 13, "north" ],
                [ 3, 2, 13, 13, "north" ],
                [ 3, 2, 13, 13, "north" ],
                [ 3, 2, 13, 13, "north" ],
                [ 3, 2, 13, 13, "north" ]
            ],
            "cull": [ false, false, false, false, false, false ]
        }
    ]
}
