{
  "id": "13w18b",
  "type": "snapshot",
  "time": "2013-05-02T17:12:25+00:00",
  "releaseTime": "2013-05-02T17:12:25+00:00",
  "url": "https://piston-meta.mojang.com/v1/packages/2eea88342657ab8327af70ac2e1416859e0ef02a/13w18b.json",
  "assets": "pre-1.6",
  "asset_index": "https://launchermeta.mojang.com/v1/packages/4759bad2824e419da9db32861fcdc3a274336532/pre-1.6.json",
  "client": "https://launcher.mojang.com/v1/objects/8061f2ea34b71999048b78a8aefe0bac9d30f91e/client.jar",
  "client_mappings": null,
  "server": "https://launcher.mojang.com/v1/objects/af7fd5e8cdc610f1e533ba7963bc39de422df1b6/server.jar",
  "server_mappings": null
}