{
  "id": "14w30a",
  "type": "snapshot",
  "time": "2014-07-23T13:15:42+00:00",
  "releaseTime": "2014-07-23T13:15:42+00:00",
  "url": "https://piston-meta.mojang.com/v1/packages/f73b4bad130911c1ef16066aeb740574f20f90f7/14w30a.json",
  "assets": "14w25a",
  "asset_index": "https://launchermeta.mojang.com/v1/packages/32ff354a3be1c4dd83027111e6d79ee4d701d2c0/14w25a.json",
  "client": "https://launcher.mojang.com/v1/objects/e335e50b527fe15c82242a0a8ce8ad4e5fdcf513/client.jar",
  "client_mappings": null,
  "server": "https://launcher.mojang.com/v1/objects/cb7bd4bebcb40c128a571c8f15fe1990b1f50a32/server.jar",
  "server_mappings": null
}