{
  "id": "1.3",
  "type": "snapshot",
  "time": "2012-07-25T22:00:00+00:00",
  "releaseTime": "2012-07-25T22:00:00+00:00",
  "url": "https://piston-meta.mojang.com/v1/packages/aeb1bb40dc59420433ae46a0f133392508218bbe/1.3.json",
  "assets": "pre-1.6",
  "asset_index": "https://launchermeta.mojang.com/v1/packages/4759bad2824e419da9db32861fcdc3a274336532/pre-1.6.json",
  "client": "https://launcher.mojang.com/v1/objects/4dfb8098b39c122f2aad13768d3f0d04db910f12/client.jar",
  "client_mappings": null,
  "server": "https://launcher.mojang.com/v1/objects/cb21a9aaaf599c94dd7fa1b777b2f0cc37a776c7/server.jar",
  "server_mappings": null
}