{
  "id": "14w03b",
  "type": "snapshot",
  "time": "2014-01-16T16:36:19+00:00",
  "releaseTime": "2014-01-16T16:36:19+00:00",
  "url": "https://piston-meta.mojang.com/v1/packages/4c3bab6bfb32daed6b30d298818e4b8bb37c4bb2/14w03b.json",
  "assets": "1.7.4",
  "asset_index": "https://launchermeta.mojang.com/v1/packages/545510a60f526b9aa8a38f9c0bc7a74235d21675/1.7.4.json",
  "client": "https://launcher.mojang.com/v1/objects/2cdbdfb9ccfb79be03e2b352fbe088f0875d2d1c/client.jar",
  "client_mappings": null,
  "server": "https://launcher.mojang.com/v1/objects/b8bee8cbf485aad0be9789fe58ab266d8fe82215/server.jar",
  "server_mappings": null
}