{
  "id": "13w22a",
  "type": "snapshot",
  "time": "2013-05-30T14:38:40+00:00",
  "releaseTime": "2013-05-30T14:38:40+00:00",
  "url": "https://piston-meta.mojang.com/v1/packages/f8277e55fae1555de47b44f5e6620f13b79fbe4e/13w22a.json",
  "assets": "pre-1.6",
  "asset_index": "https://launchermeta.mojang.com/v1/packages/4759bad2824e419da9db32861fcdc3a274336532/pre-1.6.json",
  "client": "https://launcher.mojang.com/v1/objects/ae1cc0f5971d4b582791b34b5c4131ff324f91ac/client.jar",
  "client_mappings": null,
  "server": "https://launcher.mojang.com/v1/objects/94b99928dccee27ad9b1d90bd00e8f68f38f92e4/server.jar",
  "server_mappings": null
}