{
  "id": "1.4.1",
  "type": "snapshot",
  "time": "2012-11-22T22:00:00+00:00",
  "releaseTime": "2012-11-22T22:00:00+00:00",
  "url": "https://piston-meta.mojang.com/v1/packages/859f584890b4db227f267026510c6ac2a5076d94/1.4.1.json",
  "assets": "pre-1.6",
  "asset_index": "https://launchermeta.mojang.com/v1/packages/4759bad2824e419da9db32861fcdc3a274336532/pre-1.6.json",
  "client": "https://launcher.mojang.com/v1/objects/67604a9c206697032165fc067b6255e333e06275/client.jar",
  "client_mappings": null,
  "server": "https://launcher.mojang.com/v1/objects/baa4e4a7adc3dc9fbfc5ea36f0777b68c9eb7f4a/server.jar",
  "server_mappings": null
}