{
    "__comment": "Fair warning, this format is highly likely to change even more in the future!",
    "variants": {
        "power=0": { "model": "daylight_detector" },
        "power=1": { "model": "daylight_detector" },
        "power=2": { "model": "daylight_detector" },
        "power=3": { "model": "daylight_detector" },
        "power=4": { "model": "daylight_detector" },
        "power=5": { "model": "daylight_detector" },
        "power=6": { "model": "daylight_detector" },
        "power=7": { "model": "daylight_detector" },
        "power=8": { "model": "daylight_detector" },
        "power=9": { "model": "daylight_detector" },
        "power=10": { "model": "daylight_detector" },
        "power=11": { "model": "daylight_detector" },
        "power=12": { "model": "daylight_detector" },
        "power=13": { "model": "daylight_detector" },
        "power=14": { "model": "daylight_detector" },
        "power=15": { "model": "daylight_detector" }
    }
}
