{
  "id": "13w18c",
  "type": "snapshot",
  "time": "2013-05-03T09:19:35+00:00",
  "releaseTime": "2013-05-03T09:19:35+00:00",
  "url": "https://piston-meta.mojang.com/v1/packages/79ab628c68cefd8daa25d186f7961299ef4e63a9/13w18c.json",
  "assets": "pre-1.6",
  "asset_index": "https://launchermeta.mojang.com/v1/packages/4759bad2824e419da9db32861fcdc3a274336532/pre-1.6.json",
  "client": "https://launcher.mojang.com/v1/objects/e228310436fe3f70919092b5faff1aef9321b9a5/client.jar",
  "client_mappings": null,
  "server": "https://launcher.mojang.com/v1/objects/3f8dc565567174d777a416f979901e0fee010d2a/server.jar",
  "server_mappings": null
}