{
    "__comment": "Fair warning, this format is highly likely to change even more in the future!",
    "variants": {
        "none": { "model": "cobblestone_wall_post" },
        "n":    { "model": "cobblestone_wall_n" },
        "e":    { "model": "cobblestone_wall_n", "y": 90, "uvlock": true },
        "s":    { "model": "cobblestone_wall_n", "y": 180, "uvlock": true },
        "w":    { "model": "cobblestone_wall_n", "y": 270, "uvlock": true },
        "ne":   { "model": "cobblestone_wall_ne" },
        "es":   { "model": "cobblestone_wall_ne", "y": 90, "uvlock": true },
        "sw":   { "model": "cobblestone_wall_ne", "y": 180, "uvlock": true },
        "nw":   { "model": "cobblestone_wall_ne", "y": 270, "uvlock": true },
        "ns":   { "model": "cobblestone_wall_ns" },
        "ew":   { "model": "cobblestone_wall_ns", "y": 90, "uvlock": true },
        "nse":  { "model": "cobblestone_wall_nse" },
        "sew":  { "model": "cobblestone_wall_nse", "y": 90, "uvlock": true },
        "swn":  { "model": "cobblestone_wall_nse", "y": 180, "uvlock": true },
        "new":  { "model": "cobblestone_wall_nse", "y": 270, "uvlock": true },
        "nsew": { "model": "cobblestone_wall_nsew" },
        "above_ns":   { "model": "cobblestone_wall_ns_above" },
        "above_ew":   { "model": "cobblestone_wall_ns_above", "y": 90, "uvlock": true },
        "mossy_none": { "model": "mossy_wall_post" },
        "mossy_n":    { "model": "mossy_wall_n" },
        "mossy_e":    { "model": "mossy_wall_n", "y": 90, "uvlock": true },
        "mossy_s":    { "model": "mossy_wall_n", "y": 180, "uvlock": true },
        "mossy_w":    { "model": "mossy_wall_n", "y": 270, "uvlock": true },
        "mossy_ne":   { "model": "mossy_wall_ne" },
        "mossy_es":   { "model": "mossy_wall_ne", "y": 90, "uvlock": true },
        "mossy_sw":   { "model": "mossy_wall_ne", "y": 180, "uvlock": true },
        "mossy_nw":   { "model": "mossy_wall_ne", "y": 270, "uvlock": true },
        "mossy_ns":   { "model": "mossy_wall_ns" },
        "mossy_ew":   { "model": "mossy_wall_ns", "y": 90, "uvlock": true },
        "mossy_nse":  { "model": "mossy_wall_nse" },
        "mossy_sew":  { "model": "mossy_wall_nse", "y": 90, "uvlock": true },
        "mossy_swn":  { "model": "mossy_wall_nse", "y": 180, "uvlock": true },
        "mossy_new":  { "model": "mossy_wall_nse", "y": 270, "uvlock": true },
        "mossy_nsew": { "model": "mossy_wall_nsew" },
        "above_mossy_ns": { "model": "mossy_wall_ns_above" },
        "above_mossy_ew": { "model": "mossy_wall_ns_above", "y": 90, "uvlock": true }
    }
}
