{
  "id": "14w28a",
  "type": "snapshot",
  "time": "2014-07-09T15:42:36+00:00",
  "releaseTime": "2014-07-09T15:42:36+00:00",
  "url": "https://piston-meta.mojang.com/v1/packages/6d6b755e76453633e464ed09f82b0979a414d8e4/14w28a.json",
  "assets": "14w25a",
  "asset_index": "https://launchermeta.mojang.com/v1/packages/32ff354a3be1c4dd83027111e6d79ee4d701d2c0/14w25a.json",
  "client": "https://launcher.mojang.com/v1/objects/747bc2c39af6ea3c803709a91b49898466636f5b/client.jar",
  "client_mappings": null,
  "server": "https://launcher.mojang.com/v1/objects/6987a36f248e88fd8b2366e87fd88834b4a06f7a/server.jar",
  "server_mappings": null
}