{
    "__comment": "Fair warning, this format is highly likely to change even more in the future!",
    "variants": {
        "east":  { "model": "brick_stairs" },
        "west":  { "model": "brick_stairs", "y": 180, "uvlock": true },
        "south": { "model": "brick_stairs", "y": 90, "uvlock": true },
        "north": { "model": "brick_stairs", "y": 270, "uvlock": true },
        "outer_corner_east":  { "model": "brick_outer_stairs" },
        "outer_corner_west":  { "model": "brick_outer_stairs", "y": 180, "uvlock": true },
        "outer_corner_south": { "model": "brick_outer_stairs", "y": 90, "uvlock": true },
        "outer_corner_north": { "model": "brick_outer_stairs", "y": 270, "uvlock": true },
        "outer_corner_alt_east":  { "model": "brick_outer_stairs", "y": 270, "uvlock": true },
        "outer_corner_alt_west":  { "model": "brick_outer_stairs", "y": 90, "uvlock": true },
        "outer_corner_alt_south": { "model": "brick_outer_stairs" },
        "outer_corner_alt_north": { "model": "brick_outer_stairs", "y": 180, "uvlock": true },
        "inner_corner_east":  { "model": "brick_inner_stairs" },
        "inner_corner_west":  { "model": "brick_inner_stairs", "y": 180, "uvlock": true },
        "inner_corner_south": { "model": "brick_inner_stairs", "y": 90, "uvlock": true },
        "inner_corner_north": { "model": "brick_inner_stairs", "y": 270, "uvlock": true },
        "inner_corner_alt_east":  { "model": "brick_inner_stairs", "y": 270, "uvlock": true },
        "inner_corner_alt_west":  { "model": "brick_inner_stairs", "y": 90, "uvlock": true },
        "inner_corner_alt_south": { "model": "brick_inner_stairs" },
        "inner_corner_alt_north": { "model": "brick_inner_stairs", "y": 180, "uvlock": true },
        "upper_east":  { "model": "brick_stairs", "x": 180, "uvlock": true },
        "upper_west":  { "model": "brick_stairs", "x": 180, "y": 180, "uvlock": true },
        "upper_south": { "model": "brick_stairs", "x": 180, "y": 90, "uvlock": true },
        "upper_north": { "model": "brick_stairs", "x": 180, "y": 270, "uvlock": true },
        "outer_corner_upper_east":  { "model": "brick_outer_stairs", "x": 180, "uvlock": true },
        "outer_corner_upper_west":  { "model": "brick_outer_stairs", "x": 180, "y": 180, "uvlock": true },
        "outer_corner_upper_south": { "model": "brick_outer_stairs", "x": 180, "y": 90, "uvlock": true },
        "outer_corner_upper_north": { "model": "brick_outer_stairs", "x": 180, "y": 270, "uvlock": true },
        "outer_corner_alt_upper_east":  { "model": "brick_outer_stairs", "x": 180, "y": 90, "uvlock": true },
        "outer_corner_alt_upper_west":  { "model": "brick_outer_stairs", "x": 180, "y": 270, "uvlock": true },
        "outer_corner_alt_upper_south": { "model": "brick_outer_stairs", "x": 180, "y": 180, "uvlock": true },
        "outer_corner_alt_upper_north": { "model": "brick_outer_stairs", "x": 180, "uvlock": true },
        "inner_corner_upper_east":  { "model": "brick_inner_stairs", "x": 180, "uvlock": true },
        "inner_corner_upper_west":  { "model": "brick_inner_stairs", "x": 180, "y": 180, "uvlock": true },
        "inner_corner_upper_south": { "model": "brick_inner_stairs", "x": 180, "y": 90, "uvlock": true },
        "inner_corner_upper_north": { "model": "brick_inner_stairs", "x": 180, "y": 270, "uvlock": true },
        "inner_corner_alt_upper_east":  { "model": "brick_inner_stairs", "x": 180, "y": 90, "uvlock": true },
        "inner_corner_alt_upper_west":  { "model": "brick_inner_stairs", "x": 180, "y": 270, "uvlock": true },
        "inner_corner_alt_upper_south": { "model": "brick_inner_stairs", "x": 180, "y": 180, "uvlock": true },
        "inner_corner_alt_upper_north": { "model": "brick_inner_stairs", "x": 180, "uvlock": true }
    }
}
