{
    "__comment": "Fair warning, this format is highly likely to change even more in the future!",
    "useAmbientOcclusion": false,
    "inventoryRender3D": false,
    "rotateVariantTextures": false,
    "elements": [
        {   "type": "plane",
            "from": [ 0, 0.25, 0 ],
            "to": [ 16, 0.25, 16 ],
            "facing": "up",
            "faceData": {
                "uv": [ 0, 0, 16, 16 ],
                "textureFacing": "up",
		"tint": true,
                "cull": false
            }
        },
        {   "type": "plane",
            "from": [ 0, 0.25, 0 ],
            "to": [ 16, 0.25, 16 ],
            "facing": "up",
            "faceData": {
                "uv": [ 0, 0, 16, 16 ],
                "textureFacing": "down",
		"tint": true,
                "cull": false
            }
        },
        {   "type": "plane",
            "from": [ 0, 0, 0.25 ],
            "to": [ 16, 16, 0.25 ],
            "facing": "south",
            "faceData": {
                "uv": [ 0, 0, 16, 16 ],
                "textureFacing": "north",
		"tint": true,
                "cull": false
            }
        },
        {   "type": "plane",
            "from": [ 0, 0, 0.25 ],
            "to": [ 16, 16, 0.25 ],
            "facing": "south",
            "faceData": {
                "uv": [ 0, 0, 16, 16 ],
                "textureFacing": "south",
		"tint": true,
                "cull": false
            }
        }
    ]
}
