{
  "id": "13w18a",
  "type": "snapshot",
  "time": "2013-05-02T15:45:59+00:00",
  "releaseTime": "2013-05-02T15:45:59+00:00",
  "url": "https://piston-meta.mojang.com/v1/packages/0fdbf2d4561027558ba9475c5d318540c743dec9/13w18a.json",
  "assets": "pre-1.6",
  "asset_index": "https://launchermeta.mojang.com/v1/packages/4759bad2824e419da9db32861fcdc3a274336532/pre-1.6.json",
  "client": "https://launcher.mojang.com/v1/objects/a2c623ea7fb3bfc5cdcc402f8aadf22ff657b2d7/client.jar",
  "client_mappings": null,
  "server": "https://launcher.mojang.com/v1/objects/6084eae41c6e28d58fe8a1ee4ab4389a392f0139/server.jar",
  "server_mappings": null
}