{
    "__comment": "Fair warning, this format is highly likely to change even more in the future!",
    "variants": {
        "inventory": { "model": "wall_inventory" },
        "none": { "model": "wall_post" },
        "n":    { "model": "wall_n" },
        "e":    { "model": "wall_n", "y": 90 },
        "s":    { "model": "wall_n", "y": 180 },
        "w":    { "model": "wall_n", "y": 270 },
        "ne":   { "model": "wall_ne" },
        "es":   { "model": "wall_ne", "y": 90 },
        "sw":   { "model": "wall_ne", "y": 180 },
        "nw":   { "model": "wall_ne", "y": 270 },
        "ns":   { "model": "wall_ns" },
        "ew":   { "model": "wall_ns", "y": 90 },
        "nse":  { "model": "wall_nse" },
        "sew":  { "model": "wall_nse", "y": 90 },
        "swn":  { "model": "wall_nse", "y": 180 },
        "new":  { "model": "wall_nse", "y": 270 },
        "nsew": { "model": "wall_nsew" },
        "mossy_none": { "model": "wall_post" },
        "mossy_n":    { "model": "wall_n" },
        "mossy_e":    { "model": "wall_n", "y": 90 },
        "mossy_s":    { "model": "wall_n", "y": 180 },
        "mossy_w":    { "model": "wall_n", "y": 270 },
        "mossy_ne":   { "model": "wall_ne" },
        "mossy_es":   { "model": "wall_ne", "y": 90 },
        "mossy_sw":   { "model": "wall_ne", "y": 180 },
        "mossy_nw":   { "model": "wall_ne", "y": 270 },
        "mossy_ns":   { "model": "wall_ns" },
        "mossy_ew":   { "model": "wall_ns", "y": 90 },
        "mossy_nse":  { "model": "wall_nse" },
        "mossy_sew":  { "model": "wall_nse", "y": 90 },
        "mossy_swn":  { "model": "wall_nse", "y": 180 },
        "mossy_new":  { "model": "wall_nse", "y": 270 },
        "mossy_nsew": { "model": "wall_nsew" }
    }
}
