{
  "id": "16w05a",
  "type": "snapshot",
  "time": "2016-02-03T15:48:38+00:00",
  "releaseTime": "2016-02-03T15:48:38+00:00",
  "url": "https://piston-meta.mojang.com/v1/packages/a9d135bfd2b15c171528a08f149de202f036e157/16w05a.json",
  "assets": "1.9",
  "asset_index": "https://launchermeta.mojang.com/v1/packages/06cc9a2c5ce504dc712ea2f699e4d645c48416dd/1.9.json",
  "client": "https://launcher.mojang.com/v1/objects/21633205eb7bdbc2a0d2da901cf8e96ed5265650/client.jar",
  "client_mappings": null,
  "server": "https://launcher.mojang.com/v1/objects/d74a9989d7dcd73c90191a65ae09e15b2371ffbd/server.jar",
  "server_mappings": null
}