{
  "id": "13w48a",
  "type": "snapshot",
  "time": "2013-11-25T16:53:39+00:00",
  "releaseTime": "2013-11-25T16:53:39+00:00",
  "url": "https://piston-meta.mojang.com/v1/packages/329f28adfb5ba0d6d81ceae27209e1eb97c4ef88/13w48a.json",
  "assets": "legacy",
  "asset_index": "https://launchermeta.mojang.com/v1/packages/770572e819335b6c0a053f8378ad88eda189fc14/legacy.json",
  "client": "https://launcher.mojang.com/v1/objects/069a7c867e6ebac830c9f3fef42a942ebd1e2204/client.jar",
  "client_mappings": null,
  "server": "https://launcher.mojang.com/v1/objects/8f43e47eb288d3485f7825c422e9c5bcaf6418af/server.jar",
  "server_mappings": null
}