{
  "id": "1.9.3-pre1",
  "type": "snapshot",
  "time": "2016-04-21T12:41:42+00:00",
  "releaseTime": "2016-04-21T12:41:42+00:00",
  "url": "https://piston-meta.mojang.com/v1/packages/8ebf237965d89a814b0d2075f5da41d13e3a714a/1.9.3-pre1.json",
  "assets": "1.9",
  "asset_index": "https://launchermeta.mojang.com/v1/packages/06cc9a2c5ce504dc712ea2f699e4d645c48416dd/1.9.json",
  "client": "https://launcher.mojang.com/v1/objects/ae942605669e2d25ab539b8c2ea45d469b022bea/client.jar",
  "client_mappings": null,
  "server": "https://launcher.mojang.com/v1/objects/5d7391b36ccbc4ec04a259a3f7c6609232f30762/server.jar",
  "server_mappings": null
}