{
  "id": "14w27a",
  "type": "snapshot",
  "time": "2014-07-02T16:07:20+00:00",
  "releaseTime": "2014-07-02T16:07:20+00:00",
  "url": "https://piston-meta.mojang.com/v1/packages/c0e594ad64eac1b322e4724b92292daad80951eb/14w27a.json",
  "assets": "14w25a",
  "asset_index": "https://launchermeta.mojang.com/v1/packages/32ff354a3be1c4dd83027111e6d79ee4d701d2c0/14w25a.json",
  "client": "https://launcher.mojang.com/v1/objects/7c9eac4e1b56e6a3583370d1f77111b111f986e5/client.jar",
  "client_mappings": null,
  "server": "https://launcher.mojang.com/v1/objects/b5350953ff062646d4a61b7c8fb4c0570829843a/server.jar",
  "server_mappings": null
}