{
    "__comment": "Fair warning, this format is highly likely to change even more in the future!",
    "elements": [
        {   "from": [ 0, 0, 0 ],
            "to": [ 16, 1, 16 ],
            "faces": {
                "down":  { "uv": [ 0,  0, 16, 16 ], "texture": "#wool", "cullface": "down" },
                "up":    { "uv": [ 0,  0, 16, 16 ], "texture": "#wool" },
                "north": { "uv": [ 0, 15, 16, 16 ], "texture": "#wool", "cullface": "north" },
                "south": { "uv": [ 0, 15, 16, 16 ], "texture": "#wool", "cullface": "south" },
                "west":  { "uv": [ 0, 15, 16, 16 ], "texture": "#wool", "cullface": "west" },
                "east":  { "uv": [ 0, 15, 16, 16 ], "texture": "#wool", "cullface": "east" }
            }
        }
    ]
}
