{
    "__comment": "Fair warning, this format is highly likely to change even more in the future!",
    "variants": {
        "facing=south,in_wall=false,open=false": { "model": "gate_closed" },
        "facing=west,in_wall=false,open=false":  { "model": "gate_closed", "y": 90, "uvlock": true },
        "facing=north,in_wall=false,open=false": { "model": "gate_closed", "y": 180, "uvlock": true },
        "facing=east,in_wall=false,open=false":  { "model": "gate_closed", "y": 270, "uvlock": true },
        "facing=south,in_wall=false,open=true": { "model": "gate_open" },
        "facing=west,in_wall=false,open=true":  { "model": "gate_open", "y": 90, "uvlock": true },
        "facing=north,in_wall=false,open=true": { "model": "gate_open", "y": 180, "uvlock": true },
        "facing=east,in_wall=false,open=true":  { "model": "gate_open", "y": 270, "uvlock": true },
        "facing=south,in_wall=true,open=false": { "model": "wall_gate_closed" },
        "facing=west,in_wall=true,open=false":  { "model": "wall_gate_closed", "y": 90, "uvlock": true },
        "facing=north,in_wall=true,open=false": { "model": "wall_gate_closed", "y": 180, "uvlock": true },
        "facing=east,in_wall=true,open=false":  { "model": "wall_gate_closed", "y": 270, "uvlock": true },
        "facing=south,in_wall=true,open=true": { "model": "wall_gate_open" },
        "facing=west,in_wall=true,open=true":  { "model": "wall_gate_open", "y": 90, "uvlock": true },
        "facing=north,in_wall=true,open=true": { "model": "wall_gate_open", "y": 180, "uvlock": true },
        "facing=east,in_wall=true,open=true":  { "model": "wall_gate_open", "y": 270, "uvlock": true }
    }
}
