{
  "id": "1.7.2",
  "type": "release",
  "time": "2013-10-25T13:00:00+00:00",
  "releaseTime": "2013-10-25T13:00:00+00:00",
  "url": "https://piston-meta.mojang.com/v1/packages/c2e8ecbf355760a74c93d7210767fa043d53f27c/1.7.2.json",
  "assets": "legacy",
  "asset_index": "https://launchermeta.mojang.com/v1/packages/770572e819335b6c0a053f8378ad88eda189fc14/legacy.json",
  "client": "https://launcher.mojang.com/v1/objects/0c8689f904922af71c7144dcfb81bce976cadd49/client.jar",
  "client_mappings": null,
  "server": "https://launcher.mojang.com/v1/objects/3716cac82982e7c2eb09f83028b555e9ea606002/server.jar",
  "server_mappings": null
}