{
  "id": "13w47d",
  "type": "snapshot",
  "time": "2013-11-22T13:51:15+00:00",
  "releaseTime": "2013-11-22T13:51:15+00:00",
  "url": "https://piston-meta.mojang.com/v1/packages/ccf62018b2e8aa9628dab2353ed85a4239368f63/13w47d.json",
  "assets": "legacy",
  "asset_index": "https://launchermeta.mojang.com/v1/packages/770572e819335b6c0a053f8378ad88eda189fc14/legacy.json",
  "client": "https://launcher.mojang.com/v1/objects/2e94ebcc798b810409e7b1ea8174ec3c060634d7/client.jar",
  "client_mappings": null,
  "server": "https://launcher.mojang.com/v1/objects/28982e580acf736120a4f1c3e7418e2a8daa3a8c/server.jar",
  "server_mappings": null
}