{
  "id": "16w02a",
  "type": "snapshot",
  "time": "2016-01-13T15:15:16+00:00",
  "releaseTime": "2016-01-13T15:15:16+00:00",
  "url": "https://piston-meta.mojang.com/v1/packages/7f1b36e80f5ede72bc1662e9b48036a1e2292abf/16w02a.json",
  "assets": "1.9",
  "asset_index": "https://launchermeta.mojang.com/v1/packages/06cc9a2c5ce504dc712ea2f699e4d645c48416dd/1.9.json",
  "client": "https://launcher.mojang.com/v1/objects/efdeb1a9736db56e5ff319bdf62dfa6fa6395bee/client.jar",
  "client_mappings": null,
  "server": "https://launcher.mojang.com/v1/objects/c574c54826489e1c04dd54d634da83945824337b/server.jar",
  "server_mappings": null
}