{
  "id": "1.9.3-pre2",
  "type": "snapshot",
  "time": "2016-04-27T13:33:20+00:00",
  "releaseTime": "2016-04-27T13:33:20+00:00",
  "url": "https://piston-meta.mojang.com/v1/packages/c7b8426a21dabaddcf54c6fae4aa2a8c704e95b3/1.9.3-pre2.json",
  "assets": "1.9",
  "asset_index": "https://launchermeta.mojang.com/v1/packages/06cc9a2c5ce504dc712ea2f699e4d645c48416dd/1.9.json",
  "client": "https://launcher.mojang.com/v1/objects/9f0ed8007fee5763a1d8c18e2e51eedb855b3e55/client.jar",
  "client_mappings": null,
  "server": "https://launcher.mojang.com/v1/objects/41c29ba7fca8d2a0ce3bab620600459e6023458c/server.jar",
  "server_mappings": null
}