{
  "id": "13w16a",
  "type": "snapshot",
  "time": "2013-04-21T12:49:30+00:00",
  "releaseTime": "2013-04-21T12:49:30+00:00",
  "url": "https://piston-meta.mojang.com/v1/packages/7efbf7a86354b08f0a5011c96752c92cabb2e67c/13w16a.json",
  "assets": "pre-1.6",
  "asset_index": "https://launchermeta.mojang.com/v1/packages/4759bad2824e419da9db32861fcdc3a274336532/pre-1.6.json",
  "client": "https://launcher.mojang.com/v1/objects/0764eecadf08ffb7a5ec96594afbc2ce844f8716/client.jar",
  "client_mappings": null,
  "server": "https://launcher.mojang.com/v1/objects/dd76b63bad493e42b303dd8952c240f330251760/server.jar",
  "server_mappings": null
}