{
  "id": "16w07b",
  "type": "snapshot",
  "time": "2016-02-16T15:22:39+00:00",
  "releaseTime": "2016-02-16T15:22:39+00:00",
  "url": "https://piston-meta.mojang.com/v1/packages/73d28ebef8689c0f9fd458da1988ebe95a3ba071/16w07b.json",
  "assets": "1.9",
  "asset_index": "https://launchermeta.mojang.com/v1/packages/06cc9a2c5ce504dc712ea2f699e4d645c48416dd/1.9.json",
  "client": "https://launcher.mojang.com/v1/objects/5c048a4a9998e2efc05d3d46675be6ec43c7f28e/client.jar",
  "client_mappings": null,
  "server": "https://launcher.mojang.com/v1/objects/35749ef82ac7ae76b990d9e6f6c23a14f213ea68/server.jar",
  "server_mappings": null
}