{
  "id": "13w25b",
  "type": "snapshot",
  "time": "2013-06-18T15:13:27+00:00",
  "releaseTime": "2013-06-18T15:13:27+00:00",
  "url": "https://piston-meta.mojang.com/v1/packages/8b7870ddd0d0b38779479ad782d65ad80e688cf7/13w25b.json",
  "assets": "legacy",
  "asset_index": "https://launchermeta.mojang.com/v1/packages/770572e819335b6c0a053f8378ad88eda189fc14/legacy.json",
  "client": "https://launcher.mojang.com/v1/objects/9c43c2084d56b7fe4a4952e64a070ab7c5fa2b17/client.jar",
  "client_mappings": null,
  "server": "https://launcher.mojang.com/v1/objects/9f7f205d7c00098d9aa6abd67ce4f93d0eeddcd7/server.jar",
  "server_mappings": null
}