{
  "id": "1.2.2",
  "type": "release",
  "time": "2012-02-29T22:00:01+00:00",
  "releaseTime": "2012-02-29T22:00:01+00:00",
  "url": "https://piston-meta.mojang.com/v1/packages/897ce0e56d1cecc9e720f1934c09ea395008aa9e/1.2.2.json",
  "assets": "pre-1.6",
  "asset_index": "https://launchermeta.mojang.com/v1/packages/4759bad2824e419da9db32861fcdc3a274336532/pre-1.6.json",
  "client": "https://launcher.mojang.com/v1/objects/1dadfc4de6898751f547f24f72c7271218e4e28f/client.jar",
  "client_mappings": null,
  "server": null,
  "server_mappings": null
}