{
  "id": "14w32a",
  "type": "snapshot",
  "time": "2014-08-06T14:01:16+00:00",
  "releaseTime": "2014-08-06T14:01:16+00:00",
  "url": "https://piston-meta.mojang.com/v1/packages/3af16f96e7800a8f0c31500a873b008c00036c84/14w32a.json",
  "assets": "14w31a",
  "asset_index": "https://launchermeta.mojang.com/v1/packages/10a2a0e75b03cfb5a7196abbdf43b54f7fa61deb/14w31a.json",
  "client": "https://launcher.mojang.com/v1/objects/66b8ed45eb1e8d687d269f2f26e4d20edd07333a/client.jar",
  "client_mappings": null,
  "server": "https://launcher.mojang.com/v1/objects/d3b96be87d921fa4f95ea43e5283a253b778f24e/server.jar",
  "server_mappings": null
}