{
  "id": "14w18a",
  "type": "snapshot",
  "time": "2014-04-30T10:25:35+00:00",
  "releaseTime": "2014-04-30T10:25:35+00:00",
  "url": "https://piston-meta.mojang.com/v1/packages/c64cc4d300948e2d8e5fb05e394b69edc680027e/14w18a.json",
  "assets": "1.7.4",
  "asset_index": "https://launchermeta.mojang.com/v1/packages/545510a60f526b9aa8a38f9c0bc7a74235d21675/1.7.4.json",
  "client": "https://launcher.mojang.com/v1/objects/9f9457fa624e797ee8b7fd409abd4843548affc5/client.jar",
  "client_mappings": null,
  "server": "https://launcher.mojang.com/v1/objects/48d6b3b47e870f61a95645e2bc1a84a27a1da068/server.jar",
  "server_mappings": null
}