{
    "__comment": "Fair warning, this format is highly likely to change even more in the future!",
    "useAmbientOcclusion": false,
    "elements": [
        {   "type": "cube",
            "from": [ 0, 0, 0 ],
            "to": [ 16, 16, 16 ],
            "faceData": {
                "down": {
                    "uv": [ 0, 0, 16, 16 ],
                    "textureFacing": "up",
                    "cull": false
                },
                "up": {
                    "uv": [ 0, 0, 16, 16 ],
                    "textureFacing": "up",
                    "cull": false
                },
                "north": {
                    "uv": [ 0, 0, 16, 16 ],
                    "textureFacing": "up",
                    "cull": false
                },
                "south": {
                    "uv": [ 0, 0, 16, 16 ],
                    "textureFacing": "up",
                    "cull": false
                },
                "west": {
                    "uv": [ 0, 0, 16, 16 ],
                    "textureFacing": "up",
                    "cull": false
                },
                "east": {
                    "uv": [ 0, 0, 16, 16 ],
                    "textureFacing": "up",
                    "cull": false
                }
            }
        },
        {   "type": "cube",
            "from": [ 2, 0.1, 2 ],
            "to": [ 14, 3, 14 ],
            "faceData": {
                "down": {
                    "uv": [ 2, 2, 14, 14 ],
                    "textureFacing": "down",
                    "cull": false
                },
                "up": {
                    "uv": [ 2, 2, 14, 14 ],
                    "textureFacing": "down",
                    "cull": false
                },
                "north": {
                    "uv": [ 2, 13, 14, 16 ],
                    "textureFacing": "down",
                    "cull": false
                },
                "south": {
                    "uv": [ 2, 13, 14, 16 ],
                    "textureFacing": "down",
                    "cull": false
                },
                "west": {
                    "uv": [ 2, 13, 14, 16 ],
                    "textureFacing": "down",
                    "cull": false
                },
                "east": {
                    "uv": [ 2, 13, 14, 16 ],
                    "textureFacing": "down",
                    "cull": false
                }
            }
        },
        {   "type": "cube",
            "from": [ 3, 3, 3 ],
            "to": [ 13, 14, 13 ],
            "faceData": {
                "down": {
                    "uv": [ 3, 3, 13, 13 ],
                    "textureFacing": "north",
                    "cull": false
                },
                "up": {
                    "uv": [ 3, 3, 13, 13 ],
                    "textureFacing": "north",
                    "cull": false
                },
                "north": {
                    "uv": [ 3, 2, 13, 13 ],
                    "textureFacing": "north",
                    "cull": false
                },
                "south": {
                    "uv": [ 3, 2, 13, 13 ],
                    "textureFacing": "north",
                    "cull": false
                },
                "west": {
                    "uv": [ 3, 2, 13, 13 ],
                    "textureFacing": "north",
                    "cull": false
                },
                "east": {
                    "uv": [ 3, 2, 13, 13 ],
                    "textureFacing": "north",
                    "cull": false
                }
            }
        }
    ]
}
