{
    "__comment": "Fair warning, this format is highly likely to change even more in the future!",
    "variants": {
        "none": { "model": "black_pane_nsew" },
        "n": { "model": "black_pane_n" },
        "e": { "model": "black_pane_n", "y": 90 },
        "s": { "model": "black_pane_n", "y": 180 },
        "w": { "model": "black_pane_n", "y": 270 },
        "ne": { "model": "black_pane_ne" },
        "es": { "model": "black_pane_ne", "y": 90 },
        "sw": { "model": "black_pane_ne", "y": 180 },
        "nw": { "model": "black_pane_ne", "y": 270 },
        "ns": { "model": "black_pane_ns" },
        "ew": { "model": "black_pane_ns", "y": 90 },
        "nse": { "model": "black_pane_nse" },
        "sew": { "model": "black_pane_nse", "y": 90 },
        "swn": { "model": "black_pane_nse", "y": 180 },
        "new": { "model": "black_pane_nse", "y": 270 },
        "nsew": { "model": "black_pane_nsew" }
    }
}
