{
  "id": "1.7.1",
  "type": "snapshot",
  "time": "2013-10-23T12:01:07+00:00",
  "releaseTime": "2013-10-23T12:01:07+00:00",
  "url": "https://piston-meta.mojang.com/v1/packages/744a42505862bea0bdd5da55ff06e09536f36d66/1.7.1.json",
  "assets": "legacy",
  "asset_index": "https://launchermeta.mojang.com/v1/packages/770572e819335b6c0a053f8378ad88eda189fc14/legacy.json",
  "client": "https://launcher.mojang.com/v1/objects/c0a041784d05e89b556ab8be42bed6009355165a/client.jar",
  "client_mappings": null,
  "server": "https://launcher.mojang.com/v1/objects/d26d79675147253b7a35dd32dc5dbba0af1be7e2/server.jar",
  "server_mappings": null
}